1719257646.503510,-0.035722,0.232298,0.998511,-0.272708,0.369792,1.182461,-0.019731,-0.012165,-0.015931,-0.000019,0.000058,-0.000019,1621.574320,1514.674724,1498.002570,1605.748331,-0.000213,-0.000131,-0.050172,-0.272708,0.369792,0.000000,-0.019731,-0.012165,-0.015931,-0.000019,0.000058,-0.000019,0.000000,1.182461
1719257646.515244,-0.035433,0.232253,0.998564,-0.272708,0.369792,1.182461,0.024631,-0.003887,0.004485,0.000000,0.000058,0.000000,1621.574320,1514.674724,1498.002570,1605.748331,0.000076,-0.000177,-0.050119,-0.272708,0.369792,0.000000,0.024631,-0.003887,0.004485,0.000000,0.000058,0.000000,0.000000,1.182461
1719257646.522913,-0.042518,0.245201,1.012030,-0.272708,0.369792,1.182461,-0.923914,1.688447,1.755903,0.000019,0.000019,-0.000019,1621.574320,1514.674724,1498.002570,1605.748331,-0.007009,0.012772,-0.036653,-0.272708,0.369792,0.000000,-0.923914,1.688447,1.755903,0.000019,0.000019,-0.000019,0.000000,1.182461
1719257646.532734,-0.035695,0.232898,0.998783,-0.272708,0.369792,1.182461,0.694749,-1.252804,-1.348865,-0.000019,-0.000019,-0.000019,1621.574320,1514.674724,1498.002570,1605.748331,-0.000186,0.000468,-0.049900,-0.272708,0.369792,0.000000,0.694749,-1.252804,-1.348865,-0.000019,-0.000019,-0.000019,0.000000,1.182461
1719257646.542969,-0.035493,0.232378,0.998588,-0.272708,0.369792,1.182461,0.019707,-0.050769,-0.019077,-0.000019,0.000019,0.000019,1621.574320,1514.674724,1498.002570,1605.748331,0.000015,-0.000052,-0.050096,-0.272708,0.369792,0.000000,0.019707,-0.050769,-0.019077,-0.000019,0.000019,0.000019,0.000000,1.182461
1719257646.552857,-0.035414,0.232265,0.998563,-0.272708,0.369792,1.182461,0.008051,-0.011421,-0.002502,0.000019,0.000019,0.000039,1621.574320,1514.674724,1498.002570,1605.748331,0.000095,-0.000164,-0.050120,-0.272708,0.369792,0.000000,0.008051,-0.011421,-0.002502,0.000019,0.000019,0.000039,0.000000,1.182461
1719257646.569710,-0.035503,0.232417,0.998636,-0.272708,0.369792,1.182461,-0.005317,0.008991,0.004328,0.000058,0.000000,0.000000,1621.574320,1514.674724,1498.002570,1605.748331,0.000005,-0.000013,-0.050047,-0.272708,0.369792,0.000000,-0.005317,0.008991,0.004328,0.000058,0.000000,0.000000,0.000000,1.182461
1719257646.579651,-0.035507,0.232423,0.998639,-0.272708,0.369792,1.182461,-0.000316,0.000602,0.000353,0.000058,0.000019,0.000019,1621.574320,1514.674724,1498.002570,1605.748331,0.000002,-0.000007,-0.050044,-0.272708,0.369792,0.000000,-0.000316,0.000602,0.000353,0.000058,0.000019,0.000019,0.000000,1.182461
1719257646.589578,-0.035662,0.232303,0.998545,-0.272708,0.369792,1.182461,-0.015627,-0.012019,-0.009540,0.000019,0.000019,0.000019,1621.574320,1514.674724,1498.002570,1605.748331,-0.000153,-0.000126,-0.050139,-0.272708,0.369792,0.000000,-0.015627,-0.012019,-0.009540,0.000019,0.000019,0.000019,0.000000,1.182461
1719257646.599651,-0.035642,0.232291,0.998562,-0.272708,0.369792,1.182461,0.001986,-0.001198,0.001725,0.000000,-0.000019,-0.000019,1621.574320,1514.674724,1498.002570,1605.748331,-0.000133,-0.000138,-0.050121,-0.272708,0.369792,0.000000,0.001986,-0.001198,0.001725,0.000000,-0.000019,-0.000019,0.000000,1.182461
1719257646.612316,-0.042558,0.245206,1.012108,-0.272708,0.369792,1.182461,-0.546069,1.019748,1.069569,-0.000039,-0.000058,0.000039,1621.574320,1514.674724,1498.002570,1605.748331,-0.007049,0.012777,-0.036575,-0.272708,0.369792,0.000000,-0.546069,1.019748,1.069569,-0.000039,-0.000058,0.000039,0.000000,1.182461
1719257646.622646,-0.042047,0.244331,1.012843,-0.272708,0.369792,1.182461,0.049454,-0.084753,0.071125,0.000000,0.000000,0.000039,1621.574320,1514.674724,1498.002570,1605.748331,-0.006538,0.011901,-0.035840,-0.272708,0.369792,0.000000,0.049454,-0.084753,0.071125,0.000000,0.000000,0.000039,0.000000,1.182461
1719257646.632616,-0.042037,0.244363,1.012905,-0.272708,0.369792,1.182461,0.000935,0.003221,0.006202,0.000058,0.000000,0.000039,1621.574320,1514.674724,1498.002570,1605.748331,-0.006529,0.011933,-0.035779,-0.272708,0.369792,0.000000,0.000935,0.003221,0.006202,0.000058,0.000000,0.000039,0.000000,1.182461
1719257646.642581,-0.042051,0.244353,1.012887,-0.272708,0.369792,1.182461,-0.001345,-0.000955,-0.001820,0.000039,0.000058,0.000058,1621.574320,1514.674724,1498.002570,1605.748331,-0.006542,0.011924,-0.035797,-0.272708,0.369792,0.000000,-0.001345,-0.000955,-0.001820,0.000039,0.000058,0.000058,0.000000,1.182461
1719257646.652614,-0.042049,0.244333,1.012903,-0.272708,0.369792,1.182461,0.000193,-0.002076,0.001676,0.000000,-0.000039,-0.000058,1621.574320,1514.674724,1498.002570,1605.748331,-0.006540,0.011903,-0.035780,-0.272708,0.369792,0.000000,0.000193,-0.002076,0.001676,0.000000,-0.000039,-0.000058,0.000000,1.182461
1719257646.665493,-0.042094,0.244390,1.013019,-0.272708,0.369792,1.182461,-0.003505,0.004435,0.008936,0.000078,-0.000019,-0.000039,1621.574320,1514.674724,1498.002570,1605.748331,-0.006585,0.011960,-0.035665,-0.272708,0.369792,0.000000,-0.003505,0.004435,0.008936,0.000078,-0.000019,-0.000039,0.000000,1.182461
1719257646.673279,-0.042055,0.244358,1.012959,-0.272708,0.369792,1.182461,0.005049,-0.004134,-0.007700,-0.000058,-0.000097,-0.000058,1621.574320,1514.674724,1498.002570,1605.748331,-0.006546,0.011928,-0.035725,-0.272708,0.369792,0.000000,0.005049,-0.004134,-0.007700,-0.000058,-0.000097,-0.000058,0.000000,1.182461
1719257646.683122,-0.042046,0.244365,1.012947,-0.272708,0.369792,1.182461,0.000933,0.000777,-0.001180,0.000019,0.000000,-0.000136,1621.574320,1514.674724,1498.002570,1605.748331,-0.006537,0.011936,-0.035736,-0.272708,0.369792,0.000000,0.000933,0.000777,-0.001180,0.000019,0.000000,-0.000136,0.000000,1.182461
1719257646.692545,-0.042092,0.244454,1.012965,-0.273799,0.369792,1.182461,-0.004896,0.009382,0.001880,0.000213,0.000136,-0.000330,1621.574320,1514.488285,1498.002570,1605.926720,-0.006583,0.012024,-0.035719,-0.273799,0.369792,0.000000,-0.004896,0.009382,0.001880,0.000213,0.000136,-0.000330,0.000000,1.182461
1719257646.702329,-0.035634,0.232253,0.998547,-0.272708,0.369792,1.183551,0.660107,-1.247097,-1.473626,-0.000252,-0.000097,-0.000213,1621.360783,1514.899288,1497.775782,1605.963222,-0.000125,-0.000177,-0.050136,-0.272708,0.369792,0.001091,0.660107,-1.247097,-1.473626,-0.000252,-0.000097,-0.000213,0.000000,1.183551
1719257646.715120,-0.035442,0.232326,0.998744,-0.272708,0.369792,1.183551,0.014967,0.005750,0.015341,-0.000019,0.000155,-0.000078,1621.360783,1514.899288,1497.775782,1605.963222,0.000067,-0.000103,-0.049940,-0.272708,0.369792,0.001091,0.014967,0.005750,0.015341,-0.000019,0.000155,-0.000078,0.000000,1.183551
1719257646.722566,-0.042058,0.244355,1.012907,-0.273799,0.369792,1.182461,-0.888531,1.615468,1.902226,0.000368,0.000175,0.000252,1621.574320,1514.488285,1498.002570,1605.926720,-0.006549,0.011925,-0.035776,-0.273799,0.369792,0.000000,-0.888531,1.615468,1.902226,0.000368,0.000175,0.000252,0.000000,1.182461
1719257646.732291,-0.042036,0.244387,1.012958,-0.272708,0.369792,1.182461,0.002275,0.003298,0.005219,-0.000078,-0.000368,0.000640,1621.574320,1514.674724,1498.002570,1605.748331,-0.006527,0.011957,-0.035725,-0.272708,0.369792,0.000000,0.002275,0.003298,0.005219,-0.000078,-0.000368,0.000640,0.000000,1.182461
1719257646.742327,-0.035607,0.232277,0.998571,-0.272708,0.369792,1.182461,0.640603,-1.206593,-1.433524,-0.000407,0.000368,0.000524,1621.574320,1514.674724,1498.002570,1605.748331,-0.000098,-0.000152,-0.050113,-0.272708,0.369792,0.000000,0.640603,-1.206593,-1.433524,-0.000407,0.000368,0.000524,0.000000,1.182461
1719257646.752831,-0.035612,0.232104,0.998430,-0.272708,0.369792,1.182461,-0.000490,-0.016507,-0.013368,0.000582,-0.000078,0.000388,1621.574320,1514.674724,1498.002570,1605.748331,-0.000103,-0.000326,-0.050253,-0.272708,0.369792,0.000000,-0.000490,-0.016507,-0.013368,0.000582,-0.000078,0.000388,0.000000,1.182461
1719257646.765253,-0.035295,0.232157,0.998488,-0.272708,0.369792,1.181370,0.025532,0.004305,0.004669,-0.000233,-0.000407,0.000310,1621.787838,1514.450131,1498.229327,1605.533421,0.000214,-0.000272,-0.050195,-0.272708,0.369792,-0.001091,0.025532,0.004305,0.004669,-0.000233,-0.000407,0.000310,0.000000,1.181370
1719257646.772080,-0.035699,0.232246,0.998470,-0.272708,0.369792,1.181370,-0.059300,0.012952,-0.002631,-0.000213,0.000155,0.000175,1621.787838,1514.450131,1498.229327,1605.533421,-0.000191,-0.000184,-0.050213,-0.272708,0.369792,-0.001091,-0.059300,0.012952,-0.002631,-0.000213,0.000155,0.000175,0.000000,1.181370
1719257646.780717,-0.035498,0.232041,0.998718,-0.272708,0.369792,1.181370,0.023286,-0.023720,0.028640,0.000485,-0.000213,0.000175,1621.787838,1514.450131,1498.229327,1605.533421,0.000011,-0.000389,-0.049966,-0.272708,0.369792,-0.001091,0.023286,-0.023720,0.028640,0.000485,-0.000213,0.000175,0.000000,1.181370
1719257646.792193,-0.035391,0.232160,0.998559,-0.272708,0.369792,1.181370,0.009364,0.010435,-0.013813,-0.000252,-0.000291,0.000116,1621.787838,1514.450131,1498.229327,1605.533421,0.000118,-0.000269,-0.050124,-0.272708,0.369792,-0.001091,0.009364,0.010435,-0.013813,-0.000252,-0.000291,0.000116,0.000000,1.181370
1719257646.802189,-0.035445,0.232385,0.998654,-0.272708,0.369792,1.181370,-0.005409,0.022424,0.009437,-0.000097,-0.000019,0.000194,1621.787838,1514.450131,1498.229327,1605.533421,0.000064,-0.000045,-0.050030,-0.272708,0.369792,-0.001091,-0.005409,0.022424,0.009437,-0.000097,-0.000019,0.000194,0.000000,1.181370
1719257646.813390,-0.035508,0.231895,0.998527,-0.272708,0.369792,1.181370,-0.005600,-0.043699,-0.011348,0.000194,0.000000,0.000097,1621.787838,1514.450131,1498.229327,1605.533421,0.000001,-0.000534,-0.050157,-0.272708,0.369792,-0.001091,-0.005600,-0.043699,-0.011348,0.000194,0.000000,0.000097,0.000000,1.181370
1719257646.822287,-0.035581,0.232427,0.998738,-0.272708,0.369792,1.181370,-0.008194,0.059822,0.023788,-0.000310,-0.000039,-0.000116,1621.787838,1514.450131,1498.229327,1605.533421,-0.000072,-0.000002,-0.049945,-0.272708,0.369792,-0.001091,-0.008194,0.059822,0.023788,-0.000310,-0.000039,-0.000116,0.000000,1.181370
1719257646.830721,-0.035520,0.232033,0.998476,-0.272708,0.369792,1.181370,0.007161,-0.046743,-0.031126,-0.000252,-0.000136,-0.000310,1621.787838,1514.450131,1498.229327,1605.533421,-0.000011,-0.000396,-0.050208,-0.272708,0.369792,-0.001091,0.007161,-0.046743,-0.031126,-0.000252,-0.000136,-0.000310,0.000000,1.181370
1719257646.840405,-0.035578,0.232411,0.998736,-0.272708,0.369792,1.182461,-0.005972,0.039057,0.026880,0.000116,0.000039,-0.000233,1621.574320,1514.674724,1498.002570,1605.748331,-0.000069,-0.000018,-0.049947,-0.272708,0.369792,0.000000,-0.005972,0.039057,0.026880,0.000116,0.000039,-0.000233,0.000000,1.182461
1719257646.850788,-0.035658,0.231912,0.998684,-0.272708,0.369792,1.182461,-0.007744,-0.048115,-0.004979,0.000078,-0.000058,0.000078,1621.574320,1514.674724,1498.002570,1605.748331,-0.000150,-0.000518,-0.049999,-0.272708,0.369792,0.000000,-0.007744,-0.048115,-0.004979,0.000078,-0.000058,0.000078,0.000000,1.182461
1719257646.869452,-0.035417,0.232182,0.998527,-0.272708,0.369792,1.182461,0.012908,0.014497,-0.008425,-0.000155,0.000039,-0.000194,1621.574320,1514.674724,1498.002570,1605.748331,0.000091,-0.000247,-0.050156,-0.272708,0.369792,0.000000,0.012908,0.014497,-0.008425,-0.000155,0.000039,-0.000194,0.000000,1.182461
1719257646.879285,-0.035716,0.232268,0.998503,-0.273799,0.369792,1.182461,-0.030401,0.008743,-0.002427,0.000252,0.000000,-0.000446,1621.574320,1514.488285,1498.002570,1605.926720,-0.000208,-0.000161,-0.050180,-0.273799,0.369792,0.000000,-0.030401,0.008743,-0.002427,0.000252,0.000000,-0.000446,0.000000,1.182461
1719257646.885135,-0.035327,0.232000,0.998748,-0.273799,0.369792,1.182461,0.066569,-0.045930,0.041758,0.000291,-0.000058,0.000000,1621.574320,1514.488285,1498.002570,1605.926720,0.000182,-0.000430,-0.049936,-0.273799,0.369792,0.000000,0.066569,-0.045930,0.041758,0.000291,-0.000058,0.000000,0.000000,1.182461
1719257646.893919,-0.035710,0.232038,0.998373,-0.273799,0.369792,1.182461,-0.043579,0.004420,-0.042584,0.000000,0.000116,-0.000233,1621.574320,1514.488285,1498.002570,1605.926720,-0.000201,-0.000391,-0.050310,-0.273799,0.369792,0.000000,-0.043579,0.004420,-0.042584,0.000000,0.000116,-0.000233,0.000000,1.182461
1719257646.902255,-0.042576,0.245123,1.012075,-0.273799,0.369792,1.182461,-0.823688,1.569695,1.643632,0.000213,0.000019,-0.000213,1621.574320,1514.488285,1498.002570,1605.926720,-0.007067,0.012694,-0.036609,-0.273799,0.369792,0.000000,-0.823688,1.569695,1.643632,0.000213,0.000019,-0.000213,0.000000,1.182461
1719257646.914626,-0.035697,0.232095,0.998613,-0.273799,0.369792,1.182461,0.556046,-1.053115,-1.088138,0.000194,-0.000058,0.000349,1621.574320,1514.488285,1498.002570,1605.926720,-0.000188,-0.000334,-0.050070,-0.273799,0.369792,0.000000,0.556046,-1.053115,-1.088138,0.000194,-0.000058,0.000349,0.000000,1.182461
1719257646.922174,-0.035733,0.232106,0.998544,-0.273799,0.369792,1.182461,-0.004732,0.001418,-0.009160,0.000388,0.000213,0.000097,1621.574320,1514.488285,1498.002570,1605.926720,-0.000224,-0.000323,-0.050139,-0.273799,0.369792,0.000000,-0.004732,0.001418,-0.009160,0.000388,0.000213,0.000097,0.000000,1.182461
1719257646.935231,-0.035665,0.232110,0.998585,-0.273799,0.370882,1.182461,0.005198,0.000277,0.003137,0.000175,-0.000562,0.000659,1621.751569,1514.488285,1497.814308,1605.926720,-0.000156,-0.000320,-0.050098,-0.273799,0.370882,0.000000,0.005198,0.000277,0.003137,0.000175,-0.000562,0.000659,0.000000,1.182461
1719257646.942123,-0.035473,0.232049,0.998591,-0.273799,0.370882,1.181370,0.027813,-0.008734,0.000801,0.000213,-0.000116,0.000349,1621.965073,1514.263669,1498.041091,1605.711826,0.000035,-0.000380,-0.050093,-0.273799,0.370882,-0.001091,0.027813,-0.008734,0.000801,0.000213,-0.000116,0.000349,0.000000,1.181370
1719257646.950899,-0.035727,0.232061,0.998544,-0.273799,0.370882,1.181370,-0.028886,0.001357,-0.005356,-0.000388,-0.000155,0.000562,1621.965073,1514.263669,1498.041091,1605.711826,-0.000218,-0.000368,-0.050140,-0.273799,0.370882,-0.001091,-0.028886,0.001357,-0.005356,-0.000388,-0.000155,0.000562,0.000000,1.181370
1719257646.964006,-0.035846,0.232521,0.999011,-0.273799,0.370882,1.181370,-0.009052,0.035061,0.035641,-0.000679,0.000465,0.000136,1621.965073,1514.263669,1498.041091,1605.711826,-0.000337,0.000091,-0.049672,-0.273799,0.370882,-0.001091,-0.009052,0.035061,0.035641,-0.000679,0.000465,0.000136,0.000000,1.181370
1719257646.973939,-0.035717,0.231848,0.998367,-0.272708,0.369792,1.181370,0.012914,-0.067790,-0.064814,-0.001377,0.000524,-0.000019,1621.787838,1514.450131,1498.229327,1605.533421,-0.000208,-0.000582,-0.050316,-0.272708,0.369792,-0.001091,0.012914,-0.067790,-0.064814,-0.001377,0.000524,-0.000019,0.000000,1.181370
1719257646.982665,-0.035556,0.232332,0.998648,-0.271617,0.368701,1.182461,0.018459,0.055536,0.032232,-0.001862,0.002075,-0.000446,1621.397058,1514.861143,1498.190810,1605.569928,-0.000047,-0.000097,-0.050035,-0.271617,0.368701,0.000000,0.018459,0.055536,0.032232,-0.001862,0.002075,-0.000446,0.000000,1.182461
1719257646.992643,-0.035819,0.232260,0.998787,-0.270526,0.367610,1.182461,-0.026310,-0.007266,0.013884,-0.002094,0.001687,-0.000485,1621.219783,1515.047543,1498.379029,1605.391513,-0.000310,-0.000170,-0.049896,-0.270526,0.367610,0.000000,-0.026310,-0.007266,0.013884,-0.002094,0.001687,-0.000485,0.000000,1.182461
1719257647.002696,-0.035683,0.232475,0.998979,-0.268344,0.366519,1.182461,0.013513,0.021385,0.019090,-0.002831,0.002715,-0.000640,1621.042496,1515.420284,1498.567227,1605.034642,-0.000174,0.000045,-0.049705,-0.268344,0.366519,0.000000,0.013513,0.021385,0.019090,-0.002831,0.002715,-0.000640,0.000000,1.182461
1719257647.016095,-0.042208,0.244355,1.013155,-0.267254,0.364337,1.183551,-0.486947,0.886651,1.057954,-0.002502,0.002870,-0.000814,1620.474273,1515.831071,1498.716899,1605.071157,-0.006699,0.011926,-0.035529,-0.267254,0.364337,0.001091,-0.486947,0.886651,1.057954,-0.002502,0.002870,-0.000814,0.000000,1.183551
1719257647.024067,-0.042017,0.244861,1.013725,-0.265072,0.363247,1.183551,0.023858,0.063425,0.071511,-0.003103,0.003025,-0.000640,1620.296933,1516.203648,1498.905059,1604.714239,-0.006509,0.012431,-0.034959,-0.265072,0.363247,0.001091,0.023858,0.063425,0.071511,-0.003103,0.003025,-0.000640,0.000000,1.183551
1719257647.041109,-0.041905,0.244959,1.013596,-0.263981,0.361065,1.184642,0.006571,0.005767,-0.007534,-0.002986,0.003452,-0.000911,1619.728542,1516.614254,1499.054700,1604.750759,-0.006397,0.012530,-0.035087,-0.263981,0.361065,0.002182,0.006571,0.005767,-0.007534,-0.002986,0.003452,-0.000911,0.000000,1.184642
1719257647.049914,-0.041944,0.244856,1.013566,-0.262890,0.358883,1.184642,-0.004331,-0.011757,-0.003461,-0.002986,0.003452,-0.000911,1619.373746,1516.800470,1499.430922,1604.572283,-0.006435,0.012426,-0.035117,-0.262890,0.358883,0.002182,-0.004331,-0.011757,-0.003461,-0.002986,0.003452,-0.000911,0.000000,1.184642
1719257647.062284,-0.041880,0.244767,1.013561,-0.260709,0.357792,1.185733,0.005111,-0.007194,-0.000381,-0.003122,0.003491,-0.000892,1618.982591,1517.397093,1499.392433,1604.430318,-0.006372,0.012337,-0.035122,-0.260709,0.357792,0.003272,0.005111,-0.007194,-0.000381,-0.003122,0.003491,-0.000892,0.000000,1.185733
1719257647.072043,-0.041794,0.244947,1.013674,-0.259618,0.355611,1.185733,0.008900,0.018485,0.011602,-0.002346,0.003452,-0.001028,1618.627689,1517.583227,1499.768579,1604.251818,-0.006285,0.012517,-0.035009,-0.259618,0.355611,0.003272,0.008900,0.018485,0.011602,-0.002346,0.003452,-0.001028,0.000000,1.185733
1719257647.081290,-0.041912,0.244766,1.013619,-0.258527,0.353429,1.186824,-0.012855,-0.019555,-0.005962,-0.002540,0.002948,-0.001241,1618.058919,1517.993517,1499.918143,1604.288345,-0.006404,0.012337,-0.035064,-0.258527,0.353429,0.004363,-0.012855,-0.019555,-0.005962,-0.002540,0.002948,-0.001241,0.000000,1.186824
1719257647.089867,-0.034746,0.231244,0.998911,-0.257436,0.352338,1.186824,0.835623,-1.576726,-1.715002,-0.002540,0.002948,-0.001241,1617.881409,1518.179589,1500.106167,1604.109834,0.000763,-0.001186,-0.049772,-0.257436,0.352338,0.004363,0.835623,-1.576726,-1.715002,-0.002540,0.002948,-0.001241,0.000000,1.186824
1719257647.101258,-0.034562,0.232032,0.999632,-0.256345,0.350157,1.187915,0.016165,0.069186,0.063250,-0.001687,0.002967,-0.001435,1617.312470,1518.589742,1500.255701,1604.146364,0.000947,-0.000398,-0.049052,-0.256345,0.350157,0.005454,0.016165,0.069186,0.063250,-0.001687,0.002967,-0.001435,0.000000,1.187915
1719257647.115877,-0.035352,0.232862,0.999584,-0.254164,0.346884,1.190096,-0.054031,0.056755,-0.003276,-0.001978,0.002599,-0.001435,1616.351835,1519.409767,1500.366756,1604.219421,0.000157,0.000432,-0.049100,-0.254164,0.346884,0.007636,-0.054031,0.056755,-0.003276,-0.001978,0.002599,-0.001435,0.000000,1.190096
1719257647.123827,-0.035318,0.232972,0.999757,-0.254164,0.345793,1.190096,0.004276,0.013924,0.021838,-0.001280,0.002502,-0.001687,1616.174203,1519.409767,1500.554730,1604.219421,0.000191,0.000543,-0.048926,-0.254164,0.345793,0.007636,0.004276,0.013924,0.021838,-0.001280,0.002502,-0.001687,0.000000,1.190096
1719257647.132792,-0.034876,0.233306,0.999748,-0.254164,0.343612,1.191187,0.049299,0.037187,-0.001033,-0.001086,0.002734,-0.001687,1615.604874,1519.633736,1500.704224,1604.434449,0.000633,0.000876,-0.048935,-0.254164,0.343612,0.008727,0.049299,0.037187,-0.001033,-0.001086,0.002734,-0.001687,0.000000,1.191187
1719257647.142672,-0.035233,0.233073,0.999843,-0.253073,0.342521,1.192278,-0.036166,-0.023588,0.009562,-0.001997,0.002637,-0.001939,1615.213128,1520.043557,1500.665764,1604.470973,0.000276,0.000643,-0.048841,-0.253073,0.342521,0.009817,-0.036166,-0.023588,0.009562,-0.001997,0.002637,-0.001939,0.000000,1.192278
1719257647.152885,-0.035006,0.233192,0.999996,-0.251982,0.340339,1.193369,0.022246,0.011657,0.014986,-0.000950,0.002599,-0.002017,1614.643579,1520.453286,1500.815248,1604.507497,0.000503,0.000762,-0.048688,-0.251982,0.340339,0.010908,0.022246,0.011657,0.014986,-0.000950,0.002599,-0.002017,0.000000,1.193369
1719257647.163961,-0.034921,0.232848,1.000253,-0.251982,0.340339,1.193369,0.007660,-0.031078,0.023230,-0.000427,0.002366,-0.002114,1614.643579,1520.453286,1500.815248,1604.507497,0.000588,0.000418,-0.048430,-0.251982,0.340339,0.010908,0.007660,-0.031078,0.023230,-0.000427,0.002366,-0.002114,0.000000,1.193369
1719257647.173924,-0.035001,0.232998,0.999864,-0.253073,0.338158,1.195551,-0.008063,0.015141,-0.039073,-0.000388,0.002172,-0.002191,1613.859720,1520.715146,1500.738333,1605.115931,0.000507,0.000569,-0.048820,-0.253073,0.338158,0.013090,-0.008063,0.015141,-0.039073,-0.000388,0.002172,-0.002191,0.000000,1.195551
1719257647.182842,-0.034827,0.233374,1.000143,-0.253073,0.335976,1.196641,0.019579,0.042165,0.031265,-0.000756,0.002230,-0.002463,1613.289859,1520.938954,1500.887811,1605.330879,0.000682,0.000945,-0.048541,-0.253073,0.335976,0.014181,0.019579,0.042165,0.031265,-0.000756,0.002230,-0.002463,0.000000,1.196641
1719257647.192894,-0.034828,0.233568,1.000393,-0.253073,0.334885,1.197732,-0.000076,0.019285,0.024943,-0.000078,0.002250,-0.002521,1612.897746,1521.162734,1500.849355,1605.545807,0.000681,0.001139,-0.048290,-0.253073,0.334885,0.015272,-0.000076,0.019285,0.024943,-0.000078,0.002250,-0.002521,0.000000,1.197732
1719257647.203116,-0.034774,0.233418,1.000318,-0.253073,0.332703,1.198823,0.005277,-0.014680,-0.007405,0.000175,0.002269,-0.002540,1612.327663,1521.386486,1500.998823,1605.760716,0.000735,0.000989,-0.048366,-0.253073,0.332703,0.016362,0.005277,-0.014680,-0.007405,0.000175,0.002269,-0.002540,0.000000,1.198823
1719257647.216160,-0.034739,0.233577,1.000389,-0.253073,0.331613,1.201005,0.002650,0.012190,0.005499,-0.000291,0.002114,-0.002812,1611.721032,1521.833908,1500.733983,1606.190477,0.000770,0.001148,-0.048294,-0.253073,0.331613,0.018544,0.002650,0.012190,0.005499,-0.000291,0.002114,-0.002812,0.000000,1.201005
1719257647.224132,-0.034834,0.233689,1.000545,-0.254164,0.329431,1.202096,-0.011959,0.013968,0.019534,0.000582,0.002346,-0.002948,1611.150675,1521.871905,1500.883462,1606.583670,0.000674,0.001259,-0.048138,-0.254164,0.329431,0.019635,-0.011959,0.013968,0.019534,0.000582,0.002346,-0.002948,0.000000,1.202096
1719257647.232934,-0.034621,0.233495,1.000447,-0.255254,0.328340,1.203186,0.024285,-0.021988,-0.011118,0.000446,0.002385,-0.002851,1610.758221,1521.909900,1500.845006,1606.976798,0.000888,0.001065,-0.048236,-0.255254,0.328340,0.020726,0.024285,-0.021988,-0.011118,0.000446,0.002385,-0.002851,0.000000,1.203186
1719257647.241267,-0.041115,0.245437,1.014673,-0.255254,0.328340,1.203186,-0.779407,1.433210,1.707380,0.000970,0.002250,-0.002793,1610.758221,1521.909900,1500.845006,1606.976798,-0.005606,0.013007,-0.034010,-0.255254,0.328340,0.020726,-0.779407,1.433210,1.707380,0.000970,0.002250,-0.002793,0.000000,1.203186
1719257647.251487,-0.041148,0.245381,1.014698,-0.256345,0.326158,1.204277,-0.003215,-0.005431,0.002373,0.000756,0.002172,-0.003025,1610.187640,1521.947895,1500.994474,1607.369862,-0.005639,0.012952,-0.033986,-0.256345,0.326158,0.021817,-0.003215,-0.005431,0.002373,0.000756,0.002172,-0.003025,0.000000,1.204277
1719257647.264266,-0.041113,0.245413,1.014794,-0.256345,0.325068,1.206459,0.002742,0.002465,0.007566,0.001202,0.002540,-0.002967,1609.580479,1522.395179,1500.729634,1607.799337,-0.005604,0.012983,-0.033889,-0.256345,0.325068,0.023998,0.002742,0.002465,0.007566,0.001202,0.002540,-0.002967,0.000000,1.206459
1719257647.274110,-0.040930,0.245471,1.014874,-0.258527,0.321795,1.208641,0.018570,0.005906,0.008056,0.000931,0.002424,-0.003025,1608.616823,1522.471148,1500.840657,1608.585136,-0.005421,0.013041,-0.033810,-0.258527,0.321795,0.026180,0.018570,0.005906,0.008056,0.000931,0.002424,-0.003025,0.000000,1.208641
1719257647.283198,-0.040928,0.245326,1.014805,-0.259618,0.319613,1.209731,0.000212,-0.015918,-0.007574,0.001648,0.002327,-0.002967,1608.045741,1522.509131,1500.990125,1608.977940,-0.005419,0.012897,-0.033879,-0.259618,0.319613,0.027271,0.000212,-0.015918,-0.007574,0.001648,0.002327,-0.002967,0.000000,1.209731
1719257647.291382,-0.040887,0.245286,1.014899,-0.259618,0.319613,1.209731,0.004957,-0.004982,0.011474,0.001648,0.002560,-0.003277,1608.045741,1522.509131,1500.990125,1608.977940,-0.005379,0.012856,-0.033785,-0.259618,0.319613,0.027271,0.004957,-0.004982,0.011474,0.001648,0.002560,-0.003277,0.000000,1.209731
1719257647.301482,-0.040824,0.245236,1.014979,-0.261799,0.318523,1.211913,0.006227,-0.004899,0.007927,0.001745,0.003045,-0.003161,1607.438045,1522.585095,1500.725285,1609.763359,-0.005316,0.012807,-0.033705,-0.261799,0.318523,0.029452,0.006227,-0.004899,0.007927,0.001745,0.003045,-0.003161,0.000000,1.211913
1719257647.314241,-0.040660,0.245087,1.014863,-0.262890,0.316341,1.213004,0.012867,-0.011691,-0.009089,0.001377,0.002831,-0.003142,1606.866685,1522.623075,1500.874763,1610.155973,-0.005151,0.012657,-0.033821,-0.262890,0.316341,0.030543,0.012867,-0.011691,-0.009089,0.001377,0.002831,-0.003142,0.000000,1.213004
1719257647.323208,-0.032965,0.233140,1.000452,-0.265072,0.311978,1.215185,0.858110,-1.332229,-1.607024,0.002191,0.003161,-0.003064,1605.723559,1522.699034,1501.173681,1610.941013,0.002544,0.000711,-0.048231,-0.265072,0.311978,0.032725,0.858110,-1.332229,-1.607024,0.002191,0.003161,-0.003064,0.000000,1.215185
1719257647.339922,-0.032851,0.233094,1.000486,-0.267254,0.309796,1.217367,0.006838,-0.002745,0.002029,0.001571,0.003316,-0.003452,1604.936830,1522.774990,1501.096783,1611.725801,0.002658,0.000665,-0.048197,-0.267254,0.309796,0.034907,0.006838,-0.002745,0.002029,0.001571,0.003316,-0.003452,0.000000,1.217367
1719257647.345935,-0.032777,0.233071,1.000555,-0.268344,0.307614,1.218458,0.012273,-0.003866,0.011468,0.001416,0.003995,-0.003258,1604.364877,1522.812967,1501.246228,1612.118100,0.002732,0.000642,-0.048128,-0.268344,0.307614,0.035997,0.012273,-0.003866,0.011468,0.001416,0.003995,-0.003258,0.000000,1.218458
1719257647.353044,-0.032522,0.233177,1.001012,-0.269435,0.304342,1.219549,0.035954,0.014932,0.064335,0.001357,0.003801,-0.003394,1603.614240,1522.850943,1501.583520,1612.510338,0.002987,0.000748,-0.047671,-0.269435,0.304342,0.037088,0.035954,0.014932,0.064335,0.001357,0.003801,-0.003394,0.000000,1.219549
1719257647.366238,-0.032613,0.233308,1.000879,-0.270526,0.302160,1.221730,-0.006953,0.009934,-0.010113,0.002366,0.003820,-0.003355,1602.826818,1523.112458,1501.506640,1613.116774,0.002896,0.000879,-0.047805,-0.270526,0.302160,0.039270,-0.006953,0.009934,-0.010113,0.002366,0.003820,-0.003355,0.000000,1.221730
1719257647.374213,-0.032440,0.233119,1.000777,-0.271617,0.299978,1.222821,0.021674,-0.023772,-0.012727,0.001726,0.004266,-0.003471,1602.254361,1523.150428,1501.656049,1613.508852,0.003068,0.000689,-0.047906,-0.271617,0.299978,0.040361,0.021674,-0.023772,-0.012727,0.001726,0.004266,-0.003471,0.000000,1.222821
1719257647.383140,-0.032290,0.233273,1.000918,-0.273799,0.296706,1.223912,0.016809,0.017233,0.015730,0.001920,0.004674,-0.003394,1601.503060,1523.002839,1501.993259,1614.078663,0.003218,0.000843,-0.047766,-0.273799,0.296706,0.041452,0.016809,0.017233,0.015730,0.001920,0.004674,-0.003394,0.000000,1.223912
1719257647.393100,-0.032526,0.233495,1.001114,-0.274889,0.293433,1.225003,-0.023650,0.022358,0.019702,0.001959,0.004809,-0.003432,1600.751522,1523.040811,1502.330400,1614.470588,0.002983,0.001066,-0.047569,-0.274889,0.293433,0.042542,-0.023650,0.022358,0.019702,0.001959,0.004809,-0.003432,0.000000,1.225003
1719257647.401556,-0.032400,0.233482,1.001277,-0.274889,0.293433,1.225003,0.014857,-0.001525,0.019234,0.002676,0.004984,-0.003510,1600.751522,1523.040811,1502.330400,1614.470588,0.003109,0.001053,-0.047407,-0.274889,0.293433,0.042542,0.014857,-0.001525,0.019234,0.002676,0.004984,-0.003510,0.000000,1.225003
1719257647.414448,-0.032185,0.233427,1.001549,-0.277071,0.290161,1.227185,0.016683,-0.004304,0.021121,0.001319,0.005527,-0.003646,1599.784318,1523.116753,1502.441318,1615.254253,0.003324,0.000997,-0.047134,-0.277071,0.290161,0.044724,0.016683,-0.004304,0.021121,0.001319,0.005527,-0.003646,0.000000,1.227185
1719257647.423420,-0.032067,0.232123,1.001142,-0.279253,0.283616,1.229366,0.013182,-0.145305,-0.045354,0.001648,0.005604,-0.003588,1598.279912,1523.192691,1503.115356,1616.037671,0.003442,-0.000306,-0.047541,-0.279253,0.283616,0.046906,0.013182,-0.145305,-0.045354,0.001648,0.005604,-0.003588,0.000000,1.229366
1719257647.432991,-0.031975,0.232367,1.001095,-0.280344,0.280344,1.231548,0.009594,0.025478,-0.004972,0.002017,0.005449,-0.003685,1597.311695,1523.454157,1503.226222,1616.643244,0.003534,-0.000062,-0.047589,-0.280344,0.280344,0.049087,0.009594,0.025478,-0.004972,0.002017,0.005449,-0.003685,0.000000,1.231548
1719257647.442986,-0.031680,0.232252,1.001443,-0.281434,0.277071,1.232639,0.029522,-0.011556,0.034855,0.002211,0.005372,-0.003626,1596.558821,1523.492120,1503.563118,1617.034765,0.003829,-0.000178,-0.047240,-0.281434,0.277071,0.050178,0.029522,-0.011556,0.034855,0.002211,0.005372,-0.003626,0.000000,1.232639
1719257647.453181,-0.031465,0.232152,1.001580,-0.283616,0.272708,1.233730,0.021107,-0.009733,0.013418,0.001842,0.005721,-0.003743,1595.626554,1523.344559,1504.087528,1617.603768,0.004044,-0.000277,-0.047104,-0.283616,0.272708,0.051269,0.021107,-0.009733,0.013418,0.001842,0.005721,-0.003743,0.000000,1.233730
1719257647.466438,-0.031190,0.232314,1.001673,-0.284707,0.269435,1.234820,0.020754,0.012185,0.007030,0.002560,0.006322,-0.003685,1594.873137,1523.382523,1504.424254,1617.995138,0.004319,-0.000116,-0.047010,-0.284707,0.269435,0.052360,0.020754,0.012185,0.007030,0.002560,0.006322,-0.003685,0.000000,1.234820
1719257647.474403,-0.031131,0.232151,1.001820,-0.285798,0.265072,1.237002,0.007400,-0.020457,0.018449,0.002230,0.006322,-0.003801,1593.724210,1523.643963,1504.722545,1618.600237,0.004378,-0.000278,-0.046864,-0.285798,0.265072,0.054542,0.007400,-0.020457,0.018449,0.002230,0.006322,-0.003801,0.000000,1.237002
1719257647.483163,-0.030952,0.232175,1.001971,-0.287979,0.260709,1.238093,0.020466,0.002681,0.017303,0.002036,0.007020,-0.003646,1592.790807,1523.496413,1505.246599,1619.168883,0.004557,-0.000255,-0.046712,-0.287979,0.260709,0.055632,0.020466,0.002681,0.017303,0.002036,0.007020,-0.003646,0.000000,1.238093
1719257647.491615,-0.030834,0.232107,1.002059,-0.287979,0.260709,1.238093,0.013862,-0.008017,0.010352,0.001377,0.006826,-0.003762,1592.790807,1523.496413,1505.246599,1619.168883,0.004674,-0.000323,-0.046624,-0.287979,0.260709,0.055632,0.013862,-0.008017,0.010352,0.001377,0.006826,-0.003762,0.000000,1.238093
1719257647.501778,-0.030849,0.232185,1.002092,-0.289070,0.257436,1.239184,-0.001391,0.007725,0.003223,0.002346,0.007350,-0.003685,1592.036470,1523.534375,1505.583095,1619.560009,0.004660,-0.000244,-0.046592,-0.289070,0.257436,0.056723,-0.001391,0.007725,0.003223,0.002346,0.007350,-0.003685,0.000000,1.239184
1719257647.512733,-0.030569,0.232142,1.002084,-0.290161,0.253073,1.240275,0.025524,-0.003987,-0.000687,0.002346,0.007350,-0.003685,1591.102386,1523.572336,1506.106885,1619.951075,0.004940,-0.000288,-0.046599,-0.290161,0.253073,0.057814,0.025524,-0.003987,-0.000687,0.002346,0.007350,-0.003685,0.000000,1.240275
1719257647.521542,-0.030297,0.232000,1.002478,-0.291252,0.248709,1.242456,0.030914,-0.016027,0.044719,0.002308,0.007253,-0.003452,1589.951583,1523.833748,1506.404883,1620.555702,0.005212,-0.000429,-0.046205,-0.291252,0.248709,0.059996,0.030914,-0.016027,0.044719,0.002308,0.007253,-0.003452,0.000000,1.242456
1719257647.530418,-0.030016,0.232077,1.002664,-0.293433,0.244346,1.243547,0.031601,0.008641,0.020913,0.002308,0.007253,-0.003452,1589.016650,1523.686214,1506.928422,1621.123907,0.005493,-0.000352,-0.046020,-0.293433,0.244346,0.061087,0.031601,0.008641,0.020913,0.002308,0.007253,-0.003452,0.000000,1.243547
1719257647.540278,-0.029887,0.231961,1.002789,-0.294524,0.238892,1.244638,0.013141,-0.011798,0.012686,0.001939,0.007486,-0.003626,1587.901583,1523.724172,1507.638993,1621.514730,0.005622,-0.000469,-0.045895,-0.294524,0.238892,0.062177,0.013141,-0.011798,0.012686,0.001939,0.007486,-0.003626,0.000000,1.244638
1719257647.550306,-0.029635,0.231958,1.002923,-0.295615,0.234529,1.245729,0.025102,-0.000245,0.013366,0.002967,0.007951,-0.003491,1586.965810,1523.762129,1508.162156,1621.905493,0.005874,-0.000471,-0.045761,-0.295615,0.234529,0.063268,0.025102,-0.000245,0.013366,0.002967,0.007951,-0.003491,0.000000,1.245729
1719257647.564180,-0.029429,0.231902,1.003103,-0.296706,0.230165,1.246820,0.014799,-0.004054,0.012959,0.002851,0.008203,-0.003432,1586.029652,1523.800085,1508.685161,1622.296195,0.006079,-0.000527,-0.045581,-0.296706,0.230165,0.064359,0.014799,-0.004054,0.012959,0.002851,0.008203,-0.003432,0.000000,1.246820
1719257647.574278,-0.029244,0.231963,1.003373,-0.299978,0.219257,1.249001,0.018319,0.006024,0.026727,0.001939,0.008862,-0.003685,1583.796031,1523.690507,1510.104569,1623.254563,0.006264,-0.000467,-0.045311,-0.299978,0.219257,0.066541,0.018319,0.006024,0.026727,0.001939,0.008862,-0.003685,0.000000,1.249001
1719257647.583385,-0.029092,0.231943,1.003318,-0.301069,0.214894,1.250092,0.016777,-0.002154,-0.005972,0.002754,0.008746,-0.003588,1582.858557,1523.728465,1510.626989,1623.645058,0.006417,-0.000486,-0.045365,-0.301069,0.214894,0.067632,0.016777,-0.002154,-0.005972,0.002754,0.008746,-0.003588,0.000000,1.250092
1719257647.593982,-0.029036,0.231782,1.003527,-0.302160,0.209440,1.251183,0.005237,-0.015229,0.019699,0.002327,0.009076,-0.003588,1581.740448,1523.766422,1511.336045,1624.035493,0.006473,-0.000648,-0.045157,-0.302160,0.209440,0.068722,0.005237,-0.015229,0.019699,0.002327,0.009076,-0.003588,0.000000,1.251183
1719257647.603308,-0.028748,0.231973,1.003486,-0.304342,0.203985,1.252274,0.030924,0.020496,-0.004331,0.003588,0.008707,-0.003394,1580.621779,1523.618883,1512.044815,1624.602918,0.006761,-0.000456,-0.045197,-0.304342,0.203985,0.069813,0.030924,0.020496,-0.004331,0.003588,0.008707,-0.003394,0.000000,1.252274
1719257647.616416,-0.028378,0.231783,1.003739,-0.306523,0.198531,1.253365,0.028246,-0.014513,0.019245,0.002579,0.009076,-0.003607,1579.502547,1523.471331,1512.753298,1625.170218,0.007131,-0.000647,-0.044945,-0.306523,0.198531,0.070904,0.028246,-0.014513,0.019245,0.002579,0.009076,-0.003607,0.000000,1.253365
1719257647.624321,-0.028124,0.231699,1.003886,-0.307614,0.193077,1.254455,0.032064,-0.010551,0.018655,0.003200,0.009696,-0.003452,1578.382751,1523.509293,1513.461495,1625.560420,0.007385,-0.000730,-0.044797,-0.307614,0.193077,0.071995,0.032064,-0.010551,0.018655,0.003200,0.009696,-0.003452,0.000000,1.254455
1719257647.633348,-0.028052,0.231771,1.003996,-0.308705,0.187623,1.254455,0.008014,0.007882,0.012146,0.001707,0.009910,-0.003355,1577.479950,1523.323768,1514.394036,1625.737392,0.007457,-0.000659,-0.044688,-0.308705,0.187623,0.071995,0.008014,0.007882,0.012146,0.001707,0.009910,-0.003355,0.000000,1.254455
1719257647.641783,-0.027817,0.231478,1.004355,-0.308705,0.187623,1.254455,0.027827,-0.034651,0.042579,0.003510,0.009347,-0.003258,1577.479950,1523.323768,1514.394036,1625.737392,0.007692,-0.000951,-0.044328,-0.308705,0.187623,0.071995,0.027827,-0.034651,0.042579,0.003510,0.009347,-0.003258,0.000000,1.254455
1719257647.651969,-0.027550,0.231445,1.004535,-0.310887,0.182169,1.255546,0.026220,-0.003260,0.017647,0.003491,0.009929,-0.003355,1576.359127,1523.176193,1515.101575,1626.304440,0.007959,-0.000984,-0.044149,-0.310887,0.182169,0.073086,0.026220,-0.003260,0.017647,0.003491,0.009929,-0.003355,0.000000,1.255546
1719257647.664436,-0.027250,0.231409,1.004673,-0.313068,0.176715,1.256637,0.024090,-0.002879,0.011063,0.003840,0.010317,-0.003219,1575.237731,1523.028606,1515.808832,1626.871363,0.008259,-0.001020,-0.044011,-0.313068,0.176715,0.074176,0.024090,-0.002879,0.011063,0.003840,0.010317,-0.003219,0.000000,1.256637
1719257647.674394,-0.027004,0.231297,1.004803,-0.316341,0.164715,1.257728,0.024627,-0.011245,0.013106,0.002211,0.010394,-0.003103,1573.030242,1522.695417,1517.632875,1627.615003,0.008504,-0.001132,-0.043880,-0.316341,0.164715,0.075267,0.024627,-0.011245,0.013106,0.002211,0.010394,-0.003103,0.000000,1.257728
1719257647.683406,-0.026698,0.231236,1.004976,-0.318523,0.158170,1.258819,0.034046,-0.006749,0.019190,0.003975,0.010743,-0.003064,1571.726066,1522.547791,1518.525166,1628.181637,0.008811,-0.001193,-0.043707,-0.318523,0.158170,0.076358,0.034046,-0.006749,0.019190,0.003975,0.010743,-0.003064,0.000000,1.258819
1719257647.693458,-0.026209,0.231290,1.005081,-0.319613,0.152716,1.258819,0.048623,0.005347,0.010383,0.002870,0.010821,-0.003239,1570.820507,1522.362168,1519.455061,1628.358429,0.009300,-0.001139,-0.043603,-0.319613,0.152716,0.076358,0.048623,0.005347,0.010383,0.002870,0.010821,-0.003239,0.000000,1.258819
1719257647.703577,-0.025947,0.231218,1.005287,-0.321795,0.146171,1.259910,0.025827,-0.007143,0.020418,0.002967,0.011500,-0.003045,1569.514996,1522.214515,1520.346448,1628.924900,0.009561,-0.001212,-0.043396,-0.321795,0.146171,0.077449,0.025827,-0.007143,0.020418,0.002967,0.011500,-0.003045,0.000000,1.259910
1719257647.716656,-0.025570,0.231643,1.005540,-0.322886,0.139626,1.259910,0.028852,0.032518,0.019346,0.002482,0.011558,-0.003083,1568.427162,1522.028858,1521.461140,1629.101641,0.009939,-0.000786,-0.043143,-0.322886,0.139626,0.077449,0.028852,0.032518,0.019346,0.002482,0.011558,-0.003083,0.000000,1.259910
1719257647.724622,-0.025382,0.231851,1.005667,-0.325068,0.133081,1.261000,0.023601,0.026118,0.015939,0.004945,0.011306,-0.002870,1567.120191,1521.881178,1522.351541,1629.667949,0.010127,-0.000578,-0.043016,-0.325068,0.133081,0.078540,0.023601,0.026118,0.015939,0.004945,0.011306,-0.002870,0.000000,1.261000
1719257647.735699,-0.025142,0.231573,1.005696,-0.326158,0.126536,1.261000,0.021682,-0.025117,0.002636,0.002734,0.012023,-0.003025,1566.031136,1521.695486,1523.465004,1629.844639,0.010367,-0.000856,-0.042987,-0.326158,0.126536,0.078540,0.021682,-0.025117,0.002636,0.002734,0.012023,-0.003025,0.000000,1.261000
1719257647.743382,-0.024873,0.231160,1.005997,-0.328340,0.118901,1.261000,0.035042,-0.053737,0.039178,0.002986,0.012702,-0.002889,1564.759864,1521.324047,1524.763188,1630.197984,0.010636,-0.001269,-0.042686,-0.328340,0.118901,0.078540,0.035042,-0.053737,0.039178,0.002986,0.012702,-0.002889,0.000000,1.261000
1719257647.753549,-0.024483,0.231403,1.006053,-0.329431,0.112356,1.262091,0.038344,0.023869,0.005484,0.001842,0.012935,-0.002870,1563.450631,1521.362054,1525.651984,1630.587425,0.011026,-0.001027,-0.042630,-0.329431,0.112356,0.079631,0.038344,0.023869,0.005484,0.001842,0.012935,-0.002870,0.000000,1.262091
1719257647.766747,-0.024074,0.231345,1.006314,-0.331613,0.104720,1.262091,0.030975,-0.004358,0.019755,0.003879,0.012760,-0.002715,1562.177803,1520.990546,1526.948626,1630.940668,0.011435,-0.001084,-0.042370,-0.331613,0.104720,0.079631,0.030975,-0.004358,0.019755,0.003879,0.012760,-0.002715,0.000000,1.262091
1719257647.774716,-0.023657,0.231325,1.006472,-0.332703,0.098175,1.262091,0.052306,-0.002599,0.019797,0.002637,0.013284,-0.002909,1561.086191,1520.804763,1528.059312,1631.117272,0.011852,-0.001105,-0.042212,-0.332703,0.098175,0.079631,0.052306,-0.002599,0.019797,0.002637,0.013284,-0.002909,0.000000,1.262091
1719257647.783543,-0.023142,0.231371,1.006815,-0.333794,0.090539,1.262091,0.058335,0.005232,0.038858,0.003413,0.013730,-0.002385,1559.811922,1520.618962,1529.354274,1631.293863,0.012367,-0.001059,-0.041869,-0.333794,0.090539,0.079631,0.058335,0.005232,0.038858,0.003413,0.013730,-0.002385,0.000000,1.262091
1719257647.792164,-0.022692,0.231334,1.007067,-0.333794,0.090539,1.262091,0.052277,-0.004304,0.029237,0.002133,0.014234,-0.002560,1559.811922,1520.618962,1529.354274,1631.293863,0.012817,-0.001096,-0.041617,-0.333794,0.090539,0.079631,0.052277,-0.004304,0.029237,0.002133,0.014234,-0.002560,0.000000,1.262091
1719257647.800622,-0.022196,0.231285,1.007216,-0.334885,0.082903,1.262091,0.058643,-0.005700,0.017639,0.002133,0.014234,-0.002560,1558.536871,1520.433141,1530.648340,1631.470443,0.013313,-0.001144,-0.041468,-0.334885,0.082903,0.079631,0.058643,-0.005700,0.017639,0.002133,0.014234,-0.002560,0.000000,1.262091
1719257647.813278,-0.021781,0.231233,1.007517,-0.337067,0.074176,1.262091,0.032720,-0.004183,0.023758,0.004286,0.014564,-0.002443,1557.078707,1520.061443,1532.126180,1631.823566,0.013727,-0.001197,-0.041167,-0.337067,0.074176,0.079631,0.032720,-0.004183,0.023758,0.004286,0.014564,-0.002443,0.000000,1.262091
1719257647.821992,-0.021355,0.231084,1.007703,-0.338158,0.066541,1.262091,0.048917,-0.016999,0.021350,0.003122,0.015902,-0.002385,1555.801966,1519.875565,1533.418341,1632.000110,0.014154,-0.001345,-0.040981,-0.338158,0.066541,0.079631,0.048917,-0.016999,0.021350,0.003122,0.015902,-0.002385,0.000000,1.262091
1719257647.832178,-0.021293,0.231226,1.007862,-0.340339,0.057814,1.262091,0.006099,0.013926,0.015672,0.003374,0.015689,-0.002366,1554.341859,1519.503751,1534.894019,1632.353162,0.014216,-0.001203,-0.040821,-0.340339,0.057814,0.079631,0.006099,0.013926,0.015672,0.003374,0.015689,-0.002366,0.000000,1.262091
1719257647.842023,-0.020817,0.230870,1.007921,-0.342521,0.049087,1.262091,0.048386,-0.036233,0.005983,0.004305,0.015805,-0.002017,1552.880707,1519.131861,1536.368556,1632.706166,0.014692,-0.001560,-0.040762,-0.342521,0.049087,0.079631,0.048386,-0.036233,0.005983,0.004305,0.015805,-0.002017,0.000000,1.262091
1719257647.850679,-0.020249,0.230923,1.008211,-0.344703,0.040361,1.261000,0.065538,0.006152,0.033505,0.004305,0.015805,-0.002017,1551.638746,1518.535816,1538.063723,1632.846538,0.015259,-0.001507,-0.040472,-0.344703,0.040361,0.078540,0.065538,0.006152,0.033505,0.004305,0.015805,-0.002017,0.000000,1.261000
1719257647.864789,-0.019907,0.231127,1.008300,-0.345793,0.031634,1.261000,0.024302,0.014452,0.006310,0.002754,0.017473,-0.001997,1550.175641,1518.349780,1539.535830,1633.023012,0.015602,-0.001303,-0.040383,-0.345793,0.031634,0.078540,0.024302,0.014452,0.006310,0.002754,0.017473,-0.001997,0.000000,1.261000
1719257647.874761,-0.019223,0.231072,1.008504,-0.349066,0.013090,1.259910,0.068599,-0.005509,0.020398,0.002889,0.017570,-0.001997,1547.283721,1517.567358,1542.881572,1633.339820,0.016286,-0.001358,-0.040180,-0.349066,0.013090,0.077449,0.068599,-0.005509,0.020398,0.002889,0.017570,-0.001997,0.000000,1.259910
1719257647.883674,-0.018742,0.230455,1.008847,-0.351248,0.003272,1.258819,0.053894,-0.069205,0.038479,0.004674,0.018151,-0.001939,1545.854946,1516.970792,1544.754534,1633.480157,0.016767,-0.001975,-0.039837,-0.351248,0.003272,0.076358,0.053894,-0.069205,0.038479,0.004674,0.018151,-0.001939,0.000000,1.258819
1719257647.892283,-0.018169,0.230610,1.009284,-0.351248,0.003272,1.258819,0.066592,0.017954,0.050801,0.003064,0.018636,-0.001745,1545.854946,1516.970792,1544.754534,1633.480157,0.017340,-0.001820,-0.039400,-0.351248,0.003272,0.076358,0.066592,0.017954,0.050801,0.003064,0.018636,-0.001745,0.000000,1.258819
1719257647.902231,-0.017548,0.230250,1.009296,-0.353429,-0.005454,1.257728,0.062448,-0.036138,0.001219,0.003180,0.019218,-0.001765,1544.608615,1516.374027,1546.442431,1633.620487,0.017961,-0.002180,-0.039387,-0.353429,-0.005454,0.075267,0.062448,-0.036138,0.001219,0.003180,0.019218,-0.001765,0.000000,1.257728
1719257647.914863,-0.016988,0.230551,1.009908,-0.354520,-0.015272,1.256637,0.044281,0.023856,0.048468,0.002327,0.020052,-0.001610,1543.177904,1515.963365,1548.312027,1633.584385,0.018521,-0.001878,-0.038775,-0.354520,-0.015272,0.074176,0.044281,0.023856,0.048468,0.002327,0.020052,-0.001610,0.000000,1.256637
1719257647.932144,-0.016015,0.230220,1.009652,-0.357792,-0.037088,1.254455,0.056346,-0.019153,-0.014815,0.002754,0.020944,-0.001648,1539.945571,1514.955367,1552.411527,1633.688608,0.019494,-0.002209,-0.039031,-0.357792,-0.037088,0.071995,0.056346,-0.019153,-0.014815,0.002754,0.020944,-0.001648,0.000000,1.254455
1719257647.940644,-0.015345,0.230425,1.010275,-0.358883,-0.047997,1.253365,0.078804,0.024082,0.073247,0.002754,0.020944,-0.001648,1538.327387,1514.544377,1554.458164,1633.652506,0.020164,-0.002004,-0.038409,-0.358883,-0.047997,0.070904,0.078804,0.024082,0.073247,0.002754,0.020944,-0.001648,0.000000,1.253365
1719257647.950801,-0.015218,0.229743,1.010085,-0.361065,-0.058905,1.252274,0.012502,-0.067182,-0.018646,0.001900,0.021584,-0.001202,1536.707844,1513.946796,1556.502750,1633.792827,0.020291,-0.002687,-0.038598,-0.361065,-0.058905,0.069813,0.012502,-0.067182,-0.018646,0.001900,0.021584,-0.001202,0.000000,1.252274
1719257647.956850,-0.014305,0.229671,1.010539,-0.362156,-0.070904,1.251183,0.150980,-0.011881,0.074935,0.002133,0.021720,-0.001319,1534.902554,1513.535571,1558.727502,1633.756727,0.021204,-0.002759,-0.038145,-0.362156,-0.070904,0.068722,0.150980,-0.011881,0.074935,0.002133,0.021720,-0.001319,0.000000,1.251183
1719257647.967009,-0.013769,0.229801,1.010920,-0.363247,-0.082903,1.249001,0.052680,0.012846,0.037572,0.000873,0.022806,-0.001086,1533.317869,1512.899461,1561.169090,1633.508095,0.021739,-0.002628,-0.037763,-0.363247,-0.082903,0.066541,0.052680,0.012846,0.037572,0.000873,0.022806,-0.001086,0.000000,1.249001
1719257647.974980,-0.013354,0.229671,1.010759,-0.363247,-0.094902,1.247910,0.052134,-0.016400,-0.020300,0.000950,0.023446,-0.001105,1531.509354,1512.674642,1563.388857,1633.295546,0.022155,-0.002759,-0.037925,-0.363247,-0.094902,0.065450,0.052134,-0.016400,-0.020300,0.000950,0.023446,-0.001105,0.000000,1.247910
1719257647.983744,-0.011973,0.229717,1.010836,-0.364337,-0.106901,1.245729,0.157564,0.005307,0.008816,0.000524,0.023620,-0.000892,1529.921819,1512.038220,1565.825023,1633.046871,0.023536,-0.002712,-0.037848,-0.364337,-0.106901,0.063268,0.157564,0.005307,0.008816,0.000524,0.023620,-0.000892,0.000000,1.245729
1719257647.992230,-0.011697,0.229692,1.011517,-0.364337,-0.106901,1.245729,0.032540,-0.002914,0.080283,0.000911,0.023620,-0.000601,1529.921819,1512.038220,1565.825023,1633.046871,0.023812,-0.002737,-0.037166,-0.364337,-0.106901,0.063268,0.032540,-0.002914,0.080283,0.000911,0.023620,-0.000601,0.000000,1.245729
1719257648.002257,-0.010886,0.229456,1.011162,-0.365428,-0.118901,1.243547,0.080806,-0.023520,-0.035421,0.000349,0.024221,-0.000776,1528.332936,1511.401566,1568.258394,1632.798171,0.024622,-0.002973,-0.037522,-0.365428,-0.118901,0.061087,0.080806,-0.023520,-0.035421,0.000349,0.024221,-0.000776,0.000000,1.243547
1719257648.015118,-0.010349,0.229254,1.011407,-0.366519,-0.130900,1.241365,0.041791,-0.015716,0.019079,-0.001164,0.025327,-0.000621,1526.742695,1510.764681,1570.688999,1632.549449,0.025160,-0.003175,-0.037276,-0.366519,-0.130900,0.058905,0.041791,-0.015716,0.019079,-0.001164,0.025327,-0.000621,0.000000,1.241365
1719257648.024092,-0.008804,0.229053,1.011580,-0.365428,-0.157080,1.237002,0.172155,-0.022436,0.019256,-0.001959,0.024978,-0.000776,1523.187041,1510.051066,1575.903505,1631.522275,0.026705,-0.003377,-0.037103,-0.365428,-0.157080,0.054542,0.172155,-0.022436,0.019256,-0.001959,0.024978,-0.000776,0.000000,1.237002
1719257648.033748,-0.008578,0.229976,1.012031,-0.365428,-0.170170,1.234820,0.023394,0.095632,0.046715,-0.001745,0.024822,-0.000136,1521.406621,1509.600666,1578.506101,1631.096837,0.026931,-0.002453,-0.036652,-0.365428,-0.170170,0.052360,0.023394,0.095632,0.046715,-0.001745,0.024822,-0.000136,0.000000,1.234820
1719257648.042199,-0.007637,0.229569,1.012929,-0.365428,-0.170170,1.234820,0.111308,-0.048148,0.106279,-0.001823,0.023736,-0.000368,1521.406621,1509.600666,1578.506101,1631.096837,0.027871,-0.002860,-0.035754,-0.365428,-0.170170,0.052360,0.111308,-0.048148,0.106279,-0.001823,0.023736,-0.000368,0.000000,1.234820
1719257648.050873,-0.006898,0.229756,1.013141,-0.365428,-0.182169,1.232639,0.085261,0.021476,0.024422,-0.001823,0.023736,-0.000368,1519.810356,1509.150150,1580.925329,1630.671330,0.028611,-0.002674,-0.035542,-0.365428,-0.182169,0.050178,0.085261,0.021476,0.024422,-0.001823,0.023736,-0.000368,0.000000,1.232639
1719257648.063435,-0.006183,0.229997,1.013399,-0.364337,-0.194168,1.229366,0.056916,0.019228,0.020566,-0.003879,0.024473,0.000019,1518.436795,1508.661236,1583.558902,1629.856260,0.029326,-0.002432,-0.035284,-0.364337,-0.194168,0.046906,0.056916,0.019228,0.020566,-0.003879,0.024473,0.000019,0.000000,1.229366
1719257648.073175,-0.005571,0.230203,1.013746,-0.362156,-0.206167,1.227185,0.062780,0.021083,0.035605,-0.006303,0.020866,0.000446,1516.837892,1508.584674,1585.972677,1629.077100,0.029937,-0.002227,-0.034937,-0.362156,-0.206167,0.044724,0.062780,0.021083,0.035605,-0.006303,0.020866,0.000446,0.000000,1.227185
1719257648.083851,-0.004924,0.230511,1.013956,-0.356702,-0.225802,1.221730,0.060646,0.028909,0.019651,-0.007136,0.018016,0.000485,1514.606373,1508.393255,1590.290629,1627.128171,0.030585,-0.001918,-0.034727,-0.356702,-0.225802,0.039270,0.060646,0.028909,0.019651,-0.007136,0.018016,0.000485,0.000000,1.221730
1719257648.092438,-0.004162,0.231192,1.013896,-0.356702,-0.225802,1.221730,0.088765,0.079320,-0.007007,-0.008765,0.014816,0.000989,1514.606373,1508.393255,1590.290629,1627.128171,0.031347,-0.001237,-0.034788,-0.356702,-0.225802,0.039270,0.088765,0.079320,-0.007007,-0.008765,0.014816,0.000989,0.000000,1.221730
1719257648.101048,-0.004429,0.231435,1.014402,-0.352338,-0.233438,1.219549,-0.031025,0.028145,0.058754,-0.008765,0.014816,0.000989,1513.750283,1508.690858,1591.979645,1625.994314,0.031080,-0.000995,-0.034282,-0.352338,-0.233438,0.037088,-0.031025,0.028145,0.058754,-0.008765,0.014816,0.000989,0.000000,1.219549
1719257648.106945,-0.003561,0.231993,1.014387,-0.345793,-0.238892,1.217367,0.147171,0.094706,-0.002470,-0.012314,0.011325,0.001086,1513.266974,1509.362440,1593.308780,1624.505876,0.031948,-0.000436,-0.034296,-0.345793,-0.238892,0.034907,0.147171,0.094706,-0.002470,-0.012314,0.011325,0.001086,0.000000,1.217367
1719257648.121234,-0.004216,0.232206,1.014372,-0.339248,-0.242164,1.215185,-0.045805,0.014859,-0.001059,-0.013827,0.006884,0.001823,1513.156751,1510.033762,1594.278657,1623.016569,0.031293,-0.000224,-0.034311,-0.339248,-0.242164,0.032725,-0.045805,0.014859,-0.001059,-0.013827,0.006884,0.001823,0.000000,1.215185
1719257648.133915,-0.004178,0.233835,1.014575,-0.322886,-0.243255,1.209731,0.002943,0.128515,0.016021,-0.016057,0.000407,0.002579,1514.093768,1511.710937,1595.537300,1619.289469,0.031331,0.001406,-0.034108,-0.322886,-0.243255,0.027271,0.002943,0.128515,0.016021,-0.016057,0.000407,0.002579,0.000000,1.209731
1719257648.144617,-0.004437,0.234207,1.014637,-0.313068,-0.242164,1.207550,-0.024173,0.034686,0.005818,-0.018093,-0.001493,0.002579,1514.729448,1512.941284,1595.789776,1617.264458,0.031072,0.001777,-0.034046,-0.313068,-0.242164,0.025089,-0.024173,0.034686,0.005818,-0.018093,-0.001493,0.002579,0.000000,1.207550
1719257648.155051,-0.004481,0.235024,1.014975,-0.304342,-0.239983,1.204277,-0.004186,0.078399,0.032373,-0.017628,-0.003336,0.002928,1515.775700,1513.759598,1596.078880,1615.201440,0.031028,0.002595,-0.033708,-0.304342,-0.239983,0.021817,-0.004186,0.078399,0.032373,-0.017628,-0.003336,0.002928,0.000000,1.204277
1719257648.171505,-0.003967,0.234743,1.015137,-0.294524,-0.236710,1.202096,0.031225,-0.017089,0.009841,-0.018345,-0.004596,0.003045,1516.783233,1514.988515,1595.973061,1613.173098,0.031542,0.002314,-0.033546,-0.294524,-0.236710,0.019635,0.031225,-0.017089,0.009841,-0.018345,-0.004596,0.003045,0.000000,1.202096
1719257648.180972,-0.004211,0.235301,1.015026,-0.283616,-0.234529,1.198823,-0.025843,0.058922,-0.011741,-0.020246,-0.003588,0.003103,1517.828279,1516.178464,1596.262142,1610.750631,0.031297,0.002872,-0.033657,-0.283616,-0.234529,0.016362,-0.025843,0.058922,-0.011741,-0.020246,-0.003588,0.003103,0.000000,1.198823
1719257648.186971,-0.004715,0.236293,1.015489,-0.272708,-0.232347,1.196641,-0.083877,0.165262,0.077138,-0.021022,-0.003200,0.003064,1518.648651,1517.591842,1596.335442,1608.540426,0.030794,0.003863,-0.033195,-0.272708,-0.232347,0.014181,-0.083877,0.165262,0.077138,-0.021022,-0.003200,0.003064,0.000000,1.196641
1719257648.201211,-0.004971,0.236428,1.015414,-0.261799,-0.230165,1.193369,-0.017993,0.009513,-0.005275,-0.019722,-0.003510,0.003413,1519.692611,1518.780057,1596.624478,1606.113352,0.030538,0.003998,-0.033270,-0.261799,-0.230165,0.010908,-0.017993,0.009513,-0.005275,-0.019722,-0.003510,0.003413,0.000000,1.193369
1719257648.213612,-0.005254,0.237122,1.015487,-0.251982,-0.227984,1.191187,-0.022816,0.055966,0.005927,-0.019218,-0.003316,0.003336,1520.512134,1520.005523,1596.697767,1604.077436,0.030255,0.004692,-0.033196,-0.251982,-0.227984,0.008727,-0.022816,0.055966,0.005927,-0.019218,-0.003316,0.003336,0.000000,1.191187
1719257648.222818,-0.005299,0.237749,1.015348,-0.239983,-0.225802,1.187915,-0.004922,0.068065,-0.015161,-0.020847,-0.002056,0.003316,1521.555018,1521.377890,1596.986759,1601.467143,0.030210,0.005319,-0.033336,-0.239983,-0.225802,0.005454,-0.004922,0.068065,-0.015161,-0.020847,-0.002056,0.003316,0.000000,1.187915
1719257648.234022,-0.005340,0.237923,1.015613,-0.218166,-0.223620,1.181370,-0.003626,0.015597,0.023677,-0.021545,-0.001745,0.003374,1523.267948,1523.748573,1597.922627,1596.596121,0.030169,0.005494,-0.033070,-0.218166,-0.223620,-0.001091,-0.003626,0.015597,0.023677,-0.021545,-0.001745,0.003374,0.000000,1.181370
1719257648.243892,-0.005444,0.238340,1.015678,-0.207258,-0.222529,1.178097,-0.010563,0.042258,0.006551,-0.020265,-0.001610,0.003491,1524.123811,1524.932763,1598.390422,1594.156817,0.030065,0.005911,-0.033006,-0.207258,-0.222529,-0.004363,-0.010563,0.042258,0.006551,-0.020265,-0.001610,0.003491,0.000000,1.178097
1719257648.252661,-0.005696,0.239015,1.015883,-0.207258,-0.222529,1.178097,-0.028688,0.076933,0.023463,-0.022573,-0.000737,0.003142,1524.123811,1524.932763,1598.390422,1594.156817,0.029813,0.006586,-0.032800,-0.207258,-0.222529,-0.004363,-0.028688,0.076933,0.023463,-0.022573,-0.000737,0.003142,0.000000,1.178097
1719257648.267093,-0.005684,0.240008,1.015642,-0.184350,-0.220348,1.172643,0.000774,0.068820,-0.016714,-0.021332,-0.000892,0.003374,1525.611131,1527.706968,1599.110243,1589.307257,0.029824,0.007579,-0.033041,-0.184350,-0.220348,-0.009817,0.000774,0.068820,-0.016714,-0.021332,-0.000892,0.003374,0.000000,1.172643
1719257648.275834,-0.005807,0.240603,1.015704,-0.172351,-0.219257,1.169371,-0.014038,0.068072,0.007064,-0.022418,-0.000950,0.003297,1526.465904,1529.073591,1599.577802,1586.680381,0.029702,0.008174,-0.032980,-0.172351,-0.219257,-0.013090,-0.014038,0.068072,0.007064,-0.022418,-0.000950,0.003297,0.000000,1.169371
1719257648.284079,-0.005939,0.241172,1.015842,-0.160352,-0.219257,1.166098,-0.016039,0.069013,0.016774,-0.022476,-0.000524,0.003316,1527.135140,1530.439215,1600.224085,1584.050462,0.029569,0.008743,-0.032841,-0.160352,-0.219257,-0.016362,-0.016039,0.069013,0.016774,-0.022476,-0.000524,0.003316,0.000000,1.166098
1719257648.292552,-0.006099,0.241581,1.015990,-0.160352,-0.219257,1.166098,-0.018854,0.048255,0.017495,-0.025249,0.000252,0.003006,1527.135140,1530.439215,1600.224085,1584.050462,0.029410,0.009152,-0.032693,-0.160352,-0.219257,-0.016362,-0.018854,0.048255,0.017495,-0.025249,0.000252,0.003006,0.000000,1.166098
1719257648.304185,-0.006167,0.242410,1.015769,-0.134172,-0.219257,1.159553,-0.005875,0.071215,-0.019020,-0.023135,0.000000,0.003297,1528.472887,1533.536563,1601.516121,1578.420350,0.029341,0.009980,-0.032914,-0.134172,-0.219257,-0.022907,-0.005875,0.071215,-0.019020,-0.023135,0.000000,0.003297,0.000000,1.159553
1719257648.317173,-0.006362,0.242831,1.016046,-0.122173,-0.218166,1.156281,-0.014949,0.032459,0.021325,-0.024124,-0.000252,0.002986,1529.326343,1534.898960,1601.983206,1575.780669,0.029147,0.010402,-0.032637,-0.122173,-0.218166,-0.026180,-0.014949,0.032459,0.021325,-0.024124,-0.000252,0.002986,0.000000,1.156281
1719257648.324897,-0.007153,0.243193,1.015482,-0.109083,-0.218166,1.153008,-0.102522,0.046833,-0.073018,-0.024473,0.000155,0.003258,1529.994551,1536.444632,1602.628834,1572.956841,0.028355,0.010763,-0.033201,-0.109083,-0.218166,-0.029452,-0.102522,0.046833,-0.073018,-0.024473,0.000155,0.003258,0.000000,1.153008
1719257648.334157,-0.007419,0.243369,1.015723,-0.094902,-0.218166,1.150826,-0.028675,0.018985,0.026028,-0.026413,0.000330,0.002715,1530.439890,1538.394866,1603.059156,1570.166416,0.028090,0.010939,-0.032960,-0.094902,-0.218166,-0.031634,-0.028675,0.018985,0.026028,-0.026413,0.000330,0.002715,0.000000,1.150826
1719257648.342579,-0.007365,0.243847,1.016005,-0.094902,-0.218166,1.150826,0.006383,0.056741,0.033437,-0.024706,0.000330,0.002948,1530.439890,1538.394866,1603.059156,1570.166416,0.028144,0.011417,-0.032679,-0.094902,-0.218166,-0.031634,0.006383,0.056741,0.033437,-0.024706,0.000330,0.002948,0.000000,1.150826
1719257648.352718,-0.006571,0.246045,1.015913,-0.081812,-0.218166,1.147554,0.078379,0.216830,-0.009026,-0.025579,-0.000233,0.002599,1531.107701,1539.937731,1603.704494,1567.335239,0.028938,0.013616,-0.032770,-0.081812,-0.218166,-0.034907,0.078379,0.216830,-0.009026,-0.025579,-0.000233,0.002599,0.000000,1.147554
1719257648.367775,-0.007565,0.246327,1.015809,-0.054542,-0.218166,1.141009,-0.066054,0.018750,-0.006893,-0.026568,0.000873,0.002696,1532.442613,1543.203398,1604.994648,1561.479600,0.027944,0.013898,-0.032874,-0.054542,-0.218166,-0.041452,-0.066054,0.018750,-0.006893,-0.026568,0.000873,0.002696,0.000000,1.141009
1719257648.375745,-0.007738,0.247281,1.015873,-0.039270,-0.219257,1.138827,-0.021693,0.119622,0.008020,-0.028236,0.001183,0.002269,1532.702781,1545.330282,1605.602959,1558.491818,0.027771,0.014851,-0.032810,-0.039270,-0.219257,-0.043633,-0.021693,0.119622,0.008020,-0.028236,0.001183,0.002269,0.000000,1.138827
1719257648.384170,-0.007966,0.248110,1.015928,-0.025089,-0.219257,1.135555,-0.027104,0.098467,0.006446,-0.025753,0.000465,0.002463,1533.369791,1547.050945,1606.247614,1555.462375,0.027542,0.015681,-0.032756,-0.025089,-0.219257,-0.046906,-0.027104,0.098467,0.006446,-0.025753,0.000465,0.002463,0.000000,1.135555
1719257648.395422,-0.008085,0.248935,1.015873,-0.010908,-0.219257,1.132282,-0.010506,0.073272,-0.004815,-0.027014,0.000271,0.001959,1534.036567,1548.770121,1606.892096,1552.428444,0.027424,0.016505,-0.032810,-0.010908,-0.219257,-0.050178,-0.010506,0.073272,-0.004815,-0.027014,0.000271,0.001959,0.000000,1.132282
1719257648.404408,-0.008565,0.249690,1.015997,0.003272,-0.220348,1.130101,-0.053435,0.084075,0.013737,-0.027848,0.001105,0.001842,1534.296517,1550.708166,1607.499929,1549.610430,0.026944,0.017261,-0.032686,0.003272,-0.220348,-0.052360,-0.053435,0.084075,0.013737,-0.027848,0.001105,0.001842,0.000000,1.130101
1719257648.417127,-0.008618,0.250786,1.015739,0.018544,-0.220348,1.127919,-0.004192,0.086120,-0.020272,-0.028779,0.001319,0.001513,1534.740843,1552.827073,1607.929381,1546.605181,0.026891,0.018356,-0.032944,0.018544,-0.220348,-0.054542,-0.004192,0.086120,-0.020272,-0.028779,0.001319,0.001513,0.000000,1.127919
1719257648.424986,-0.008929,0.251553,1.015775,0.033816,-0.221439,1.124647,-0.039591,0.097632,0.004522,-0.027537,0.001202,0.001590,1535.222790,1554.723882,1608.751597,1543.374242,0.026580,0.019124,-0.032909,0.033816,-0.221439,-0.057814,-0.039591,0.097632,0.004522,-0.027537,0.001202,0.001590,0.000000,1.124647
1719257648.434272,-0.009141,0.252454,1.015613,0.049087,-0.221439,1.122465,-0.022768,0.097017,-0.017420,-0.029593,0.000756,0.001357,1535.666901,1556.838615,1609.180828,1540.359480,0.026368,0.020024,-0.033071,0.049087,-0.221439,-0.059996,-0.022768,0.097017,-0.017420,-0.029593,0.000756,0.001357,0.000000,1.122465
1719257648.442807,-0.009473,0.253317,1.015632,0.049087,-0.221439,1.122465,-0.038943,0.101150,0.002282,-0.029244,0.001435,0.001280,1535.666901,1556.838615,1609.180828,1540.359480,0.026036,0.020888,-0.033051,0.049087,-0.221439,-0.059996,-0.038943,0.101150,0.002282,-0.029244,0.001435,0.001280,0.000000,1.122465
1719257648.451442,-0.009667,0.254086,1.015441,0.065450,-0.222529,1.120283,-0.022484,0.089029,-0.022115,-0.029244,0.001435,0.001280,1535.926629,1559.133338,1609.788089,1537.155872,0.025842,0.021656,-0.033242,0.065450,-0.222529,-0.062177,-0.022484,0.089029,-0.022115,-0.029244,0.001435,0.001280,0.000000,1.120283
1719257648.463797,-0.009966,0.254882,1.015418,0.081812,-0.223620,1.118102,-0.024166,0.064462,-0.001864,-0.030291,0.001842,0.000795,1536.186321,1561.425525,1610.395198,1533.946913,0.025543,0.022453,-0.033265,0.081812,-0.223620,-0.064359,-0.024166,0.064462,-0.001864,-0.030291,0.001842,0.000795,0.000000,1.118102
1719257648.473054,-0.010191,0.255392,1.015319,0.097084,-0.224711,1.115920,-0.024360,0.055079,-0.010698,-0.030272,0.001202,0.000756,1536.445978,1563.533437,1611.002157,1530.917308,0.025318,0.022963,-0.033364,0.097084,-0.224711,-0.066541,-0.024360,0.055079,-0.010698,-0.030272,0.001202,0.000756,0.000000,1.115920
1719257648.482775,-0.010783,0.256405,1.014971,0.113446,-0.224711,1.113738,-0.060866,0.104169,-0.035849,-0.030155,0.001610,0.000330,1536.889805,1565.820821,1611.430993,1527.697724,0.024726,0.023975,-0.033713,0.113446,-0.224711,-0.068722,-0.060866,0.104169,-0.035849,-0.030155,0.001610,0.000330,0.000000,1.113738
1719257648.491441,-0.010942,0.257226,1.014816,0.129809,-0.225802,1.111557,-0.018318,0.094748,-0.017916,-0.030155,0.001610,0.000330,1537.149367,1568.105741,1612.037695,1524.472549,0.024567,0.024796,-0.033868,0.129809,-0.225802,-0.070904,-0.018318,0.094748,-0.017916,-0.030155,0.001610,0.000330,0.000000,1.111557
1719257648.504373,-0.010796,0.257767,1.014952,0.162534,-0.226893,1.107193,0.011294,0.041820,0.010549,-0.029128,0.000330,0.000000,1537.852498,1572.668282,1613.072796,1518.005076,0.024713,0.025337,-0.033731,0.162534,-0.226893,-0.075267,0.011294,0.041820,0.010549,-0.029128,0.000330,0.000000,0.000000,1.107193
1719257648.516072,-0.011223,0.257559,1.014818,0.162534,-0.226893,1.107193,-0.036519,-0.017771,-0.011450,-0.028526,-0.000407,-0.000213,1537.852498,1572.668282,1613.072796,1518.005076,0.024286,0.025129,-0.033865,0.162534,-0.226893,-0.075267,-0.036519,-0.017771,-0.011450,-0.028526,-0.000407,-0.000213,0.000000,1.107193
1719257648.525036,-0.011815,0.258711,1.014544,0.193077,-0.225802,1.103921,-0.066068,0.128501,-0.030629,-0.027634,-0.001959,-0.000814,1538.701744,1577.077584,1613.537660,1512.112583,0.023694,0.026281,-0.034140,0.193077,-0.225802,-0.078540,-0.066068,0.128501,-0.030629,-0.027634,-0.001959,-0.000814,0.000000,1.103921
1719257648.534808,-0.012016,0.259285,1.014425,0.206167,-0.222529,1.102830,-0.020601,0.058726,-0.012092,-0.023620,-0.004460,-0.001067,1539.475337,1579.026692,1613.218374,1509.645529,0.023492,0.026855,-0.034258,0.206167,-0.222529,-0.079631,-0.020601,0.058726,-0.012092,-0.023620,-0.004460,-0.001067,0.000000,1.102830
1719257648.544220,-0.012686,0.260174,1.014287,0.218166,-0.218166,1.102830,-0.071135,0.094523,-0.014725,-0.021002,-0.007815,-0.001920,1540.210993,1581.010983,1612.506871,1507.587694,0.022823,0.027745,-0.034397,0.218166,-0.218166,-0.079631,-0.071135,0.094523,-0.014725,-0.021002,-0.007815,-0.001920,0.000000,1.102830
1719257648.552870,-0.012944,0.260551,1.014210,0.218166,-0.218166,1.102830,-0.029871,0.043519,-0.008842,-0.017162,-0.011131,-0.002521,1540.210993,1581.010983,1612.506871,1507.587694,0.022565,0.028121,-0.034473,0.218166,-0.218166,-0.079631,-0.029871,0.043519,-0.008842,-0.017162,-0.011131,-0.002521,0.000000,1.102830
1719257648.563963,-0.013579,0.261272,1.013893,0.226893,-0.212712,1.102830,-0.057200,0.064978,-0.028627,-0.017162,-0.011131,-0.002521,1541.130173,1582.452994,1611.617203,1506.089542,0.021930,0.028842,-0.034791,0.226893,-0.212712,-0.079631,-0.057200,0.064978,-0.028627,-0.017162,-0.011131,-0.002521,0.000000,1.102830
1719257648.573228,-0.014020,0.261531,1.013598,0.235619,-0.205076,1.102830,-0.047618,0.027979,-0.031835,-0.013652,-0.016600,-0.004208,1542.416297,1583.894078,1610.371125,1504.590079,0.021489,0.029101,-0.035086,0.235619,-0.205076,-0.079631,-0.047618,0.027979,-0.031835,-0.013652,-0.016600,-0.004208,0.000000,1.102830
1719257648.585002,-0.014840,0.261978,1.013052,0.247619,-0.184350,1.103921,-0.069671,0.037987,-0.046391,-0.009153,-0.019121,-0.004790,1545.682083,1586.090789,1606.770902,1502.752305,0.020669,0.029549,-0.035632,0.247619,-0.184350,-0.078540,-0.069671,0.037987,-0.046391,-0.009153,-0.019121,-0.004790,0.000000,1.103921
1719257648.594585,-0.015083,0.262406,1.012690,0.251982,-0.173442,1.105012,-0.025367,0.044638,-0.037707,-0.008339,-0.020498,-0.005294,1547.294209,1587.026922,1604.772062,1502.227481,0.020425,0.029976,-0.035993,0.251982,-0.173442,-0.077449,-0.025367,0.044638,-0.037707,-0.008339,-0.020498,-0.005294,0.000000,1.105012
1719257648.614197,-0.015998,0.262468,1.012639,0.256345,-0.161443,1.106102,-0.046624,0.003192,-0.002589,-0.007292,-0.020886,-0.005837,1549.088093,1587.962670,1602.592934,1501.702494,0.019511,0.030039,-0.036044,0.256345,-0.161443,-0.076358,-0.046624,0.003192,-0.002589,-0.007292,-0.020886,-0.005837,0.000000,1.106102
1719257648.623359,-0.016440,0.262472,1.012031,0.259618,-0.149444,1.108284,-0.048251,0.000376,-0.066437,-0.005604,-0.021875,-0.006361,1550.660044,1588.934801,1600.196425,1501.591528,0.019069,0.030042,-0.036653,0.259618,-0.149444,-0.074176,-0.048251,0.000376,-0.066437,-0.005604,-0.021875,-0.006361,0.000000,1.108284
1719257648.633132,-0.018267,0.263763,1.008057,0.262890,-0.137445,1.109375,-0.186989,0.132141,-0.406637,-0.004615,-0.020963,-0.006555,1552.450926,1589.690155,1598.013098,1501.254238,0.017242,0.031334,-0.040627,0.262890,-0.137445,-0.073086,-0.186989,0.132141,-0.406637,-0.004615,-0.020963,-0.006555,0.000000,1.109375
1719257648.641547,-0.018896,0.262447,1.011356,0.266163,-0.125446,1.111557,-0.074683,-0.156464,0.392122,-0.004615,-0.020963,-0.006555,1554.020264,1590.661553,1595.611933,1501.143243,0.016613,0.030017,-0.037327,0.266163,-0.125446,-0.070904,-0.074683,-0.156464,0.392122,-0.004615,-0.020963,-0.006555,0.000000,1.111557
1719257648.647403,-0.019459,0.261190,1.011127,0.268344,-0.112356,1.113738,-0.096230,-0.214572,-0.039263,-0.005314,-0.021778,-0.007117,1555.770854,1591.453067,1593.028945,1501.220139,0.016050,0.028761,-0.037557,0.268344,-0.112356,-0.068722,-0.096230,-0.214572,-0.039263,-0.005314,-0.021778,-0.007117,0.000000,1.113738
1719257648.657308,-0.020581,0.262048,1.010386,0.271617,-0.100356,1.115920,-0.113217,0.086637,-0.074724,-0.005721,-0.020789,-0.007408,1557.337646,1592.423722,1590.622626,1501.109141,0.014928,0.029619,-0.038297,0.271617,-0.100356,-0.066541,-0.113217,0.086637,-0.074724,-0.005721,-0.020789,-0.007408,0.000000,1.115920
1719257648.673534,-0.021220,0.262073,1.010164,0.274889,-0.087266,1.118102,-0.039413,0.001525,-0.013702,-0.004732,-0.021972,-0.007796,1559.085414,1593.393969,1588.034045,1500.998136,0.014289,0.029644,-0.038519,0.274889,-0.087266,-0.064359,-0.039413,0.001525,-0.013702,-0.004732,-0.021972,-0.007796,0.000000,1.118102
1719257648.683144,-0.021915,0.262062,1.009769,0.277071,-0.075267,1.120283,-0.072310,-0.001137,-0.041119,-0.005643,-0.022689,-0.008378,1560.649697,1594.184548,1585.622468,1501.075040,0.013594,0.029633,-0.038914,0.277071,-0.075267,-0.062177,-0.072310,-0.001137,-0.041119,-0.005643,-0.022689,-0.008378,0.000000,1.120283
1719257648.693278,-0.022595,0.261846,1.009426,0.280344,-0.062177,1.123556,-0.067069,-0.021383,-0.033865,-0.004499,-0.022534,-0.008610,1562.175587,1595.369913,1582.811158,1501.190388,0.012914,0.029416,-0.039258,0.280344,-0.062177,-0.058905,-0.067069,-0.021383,-0.033865,-0.004499,-0.022534,-0.008610,0.000000,1.123556
1719257648.703161,-0.023153,0.261930,1.008984,0.282525,-0.049087,1.126828,-0.056528,0.008541,-0.044708,-0.004441,-0.023310,-0.008979,1563.700367,1596.375582,1579.996318,1501.493597,0.012355,0.029501,-0.039700,0.282525,-0.049087,-0.055632,-0.056528,0.008541,-0.044708,-0.004441,-0.023310,-0.008979,0.000000,1.126828
1719257648.714243,-0.023829,0.261381,1.008820,0.285798,-0.034907,1.129010,-0.060923,-0.049578,-0.014827,-0.004441,-0.023310,-0.008979,1565.624421,1597.344186,1577.214868,1501.382618,0.011680,0.028951,-0.039864,0.285798,-0.034907,-0.053451,-0.060923,-0.049578,-0.014827,-0.004441,-0.023310,-0.008979,0.000000,1.129010
1719257648.723724,-0.024554,0.261731,1.008255,0.286888,-0.021817,1.132282,-0.076484,0.036958,-0.059497,-0.003588,-0.023756,-0.009502,1567.146714,1598.170051,1574.392892,1501.873619,0.010955,0.029302,-0.040428,0.286888,-0.021817,-0.050178,-0.076484,0.036958,-0.059497,-0.003588,-0.023756,-0.009502,0.000000,1.132282
1719257648.734810,-0.025437,0.262197,1.007456,0.290161,0.005454,1.139918,-0.079654,0.042054,-0.072073,-0.002405,-0.023930,-0.010181,1570.150966,1600.215155,1568.338141,1502.893602,0.010072,0.029768,-0.041227,0.290161,0.005454,-0.042542,-0.079654,0.042054,-0.072073,-0.002405,-0.023930,-0.010181,0.000000,1.139918
1719257648.742984,-0.025986,0.261928,1.007451,0.290161,0.005454,1.139918,-0.067134,-0.033002,-0.000667,-0.002870,-0.024241,-0.010065,1570.150966,1600.215155,1568.338141,1502.893602,0.009523,0.029498,-0.041232,0.290161,0.005454,-0.042542,-0.067134,-0.033002,-0.000667,-0.002870,-0.024241,-0.010065,0.000000,1.139918
1719257648.754670,-0.026771,0.261655,1.007114,0.292343,0.033816,1.146463,-0.067209,-0.023298,-0.028817,-0.000621,-0.024512,-0.010743,1573.549930,1601.864593,1562.303414,1503.874585,0.008738,0.029226,-0.041569,0.292343,0.033816,-0.035997,-0.067209,-0.023298,-0.028817,-0.000621,-0.024512,-0.010743,0.000000,1.146463
1719257648.765663,-0.026658,0.261657,1.006741,0.292343,0.033816,1.146463,0.010284,0.000174,-0.033949,-0.001959,-0.024551,-0.010530,1573.549930,1601.864593,1562.303414,1503.874585,0.008851,0.029228,-0.041942,0.292343,0.033816,-0.035997,0.010284,0.000174,-0.033949,-0.001959,-0.024551,-0.010530,0.000000,1.146463
1719257648.775629,-0.026822,0.261815,1.006431,0.293433,0.063268,1.155190,-0.016481,0.015855,-0.031080,-0.001028,-0.024861,-0.011403,1576.689008,1603.764516,1555.629289,1505.494069,0.008687,0.029386,-0.042252,0.293433,0.063268,-0.027271,-0.016481,0.015855,-0.031080,-0.001028,-0.024861,-0.011403,0.000000,1.155190
1719257648.784668,-0.027626,0.261700,1.006007,0.293433,0.077449,1.159553,-0.088965,-0.012741,-0.046969,-0.000349,-0.024958,-0.011461,1578.166596,1604.624675,1552.375466,1506.396897,0.007883,0.029270,-0.042677,0.293433,0.077449,-0.022907,-0.088965,-0.012741,-0.046969,-0.000349,-0.024958,-0.011461,0.000000,1.159553
1719257648.794743,-0.029229,0.261067,1.005699,0.293433,0.092721,1.163916,-0.159110,-0.062866,-0.030543,0.000698,-0.025908,-0.012043,1579.823609,1605.484525,1548.933350,1507.299250,0.006279,0.028637,-0.042984,0.293433,0.092721,-0.018544,-0.159110,-0.062866,-0.030543,0.000698,-0.025908,-0.012043,0.000000,1.163916
1719257648.803376,-0.029788,0.260386,1.005566,0.293433,0.092721,1.163916,-0.064707,-0.078894,-0.015388,0.002094,-0.026064,-0.012062,1579.823609,1605.484525,1548.933350,1507.299250,0.005721,0.027956,-0.043117,0.293433,0.092721,-0.018544,-0.064707,-0.078894,-0.015388,0.002094,-0.026064,-0.012062,0.000000,1.163916
1719257648.814213,-0.030552,0.260676,1.004876,0.292343,0.109083,1.168280,-0.070463,0.026798,-0.063715,0.002094,-0.026064,-0.012062,1581.659652,1606.165710,1545.301912,1508.388241,0.004957,0.028246,-0.043808,0.292343,0.109083,-0.014181,-0.070463,0.026798,-0.063715,0.002094,-0.026064,-0.012062,0.000000,1.168280
1719257648.822920,-0.031076,0.260476,1.004514,0.290161,0.124355,1.172643,-0.060239,-0.022918,-0.041578,0.004402,-0.025307,-0.012877,1583.314070,1606.668382,1541.847526,1509.663520,0.004433,0.028047,-0.044170,0.290161,0.124355,-0.009817,-0.060239,-0.022918,-0.041578,0.004402,-0.025307,-0.012877,0.000000,1.172643
1719257648.831895,-0.031585,0.260526,1.003740,0.287979,0.139626,1.178097,-0.056654,0.005489,-0.086236,0.004402,-0.025307,-0.012877,1584.750436,1607.385714,1538.165292,1511.162904,0.003924,0.028096,-0.044944,0.287979,0.139626,-0.004363,-0.056654,0.005489,-0.086236,0.004402,-0.025307,-0.012877,0.000000,1.178097
1719257648.837606,-0.032371,0.260064,1.003500,0.284707,0.154898,1.182461,-0.137693,-0.080756,-0.041927,0.004383,-0.025870,-0.012993,1586.402584,1607.709888,1534.698167,1512.622809,0.003138,0.027635,-0.045183,0.284707,0.154898,0.000000,-0.137693,-0.080756,-0.041927,0.004383,-0.025870,-0.012993,0.000000,1.182461
1719257648.853306,-0.032861,0.259958,1.003129,0.280344,0.170170,1.187915,-0.031240,-0.006777,-0.023655,0.008222,-0.025792,-0.013711,1587.836991,1608.070488,1531.002155,1514.492600,0.002647,0.027529,-0.045555,0.280344,0.170170,0.005454,-0.031240,-0.006777,-0.023655,0.008222,-0.025792,-0.013711,0.000000,1.187915
1719257648.864334,-0.033364,0.259339,1.002912,0.274889,0.185441,1.193369,-0.045559,-0.056164,-0.019682,0.008222,-0.025792,-0.013711,1589.270496,1608.252831,1527.298859,1516.546658,0.002145,0.026909,-0.045772,0.274889,0.185441,0.010908,-0.045559,-0.056164,-0.019682,0.008222,-0.025792,-0.013711,0.000000,1.193369
1719257648.873894,-0.034019,0.259356,1.002284,0.269435,0.200713,1.198823,-0.068495,0.001784,-0.065638,0.010433,-0.024396,-0.014738,1590.703103,1608.435159,1523.588153,1518.598352,0.001490,0.026926,-0.046399,0.269435,0.200713,0.016362,-0.068495,0.001784,-0.065638,0.010433,-0.024396,-0.014738,0.000000,1.198823
1719257648.885060,-0.034242,0.258242,1.002196,0.256345,0.230165,1.210822,-0.020001,-0.099748,-0.007882,0.011636,-0.023349,-0.015340,1593.170287,1608.658059,1516.105860,1523.289418,0.001267,0.025812,-0.046487,0.256345,0.230165,0.028362,-0.020001,-0.099748,-0.007882,0.011636,-0.023349,-0.015340,0.000000,1.210822
1719257648.895546,-0.035021,0.258570,1.001484,0.246528,0.244346,1.216276,-0.074250,0.031324,-0.067897,0.015126,-0.022767,-0.015727,1594.421233,1608.127580,1512.558698,1526.074671,0.000488,0.026141,-0.047199,0.246528,0.244346,0.033816,-0.074250,0.031324,-0.067897,0.015126,-0.022767,-0.015727,0.000000,1.216276
1719257648.904793,-0.035440,0.258129,1.001112,0.236710,0.258527,1.222821,-0.045382,-0.047693,-0.040214,0.015921,-0.023543,-0.016038,1595.455681,1607.811712,1508.779035,1529.078548,0.000069,0.025700,-0.047571,0.236710,0.258527,0.040361,-0.045382,-0.047693,-0.040214,0.015921,-0.023543,-0.016038,0.000000,1.222821
1719257648.916193,-0.036030,0.258141,1.000411,0.236710,0.258527,1.222821,-0.051717,0.001023,-0.061553,0.015553,-0.022457,-0.016290,1595.455681,1607.811712,1508.779035,1529.078548,-0.000521,0.025712,-0.048273,0.236710,0.258527,0.040361,-0.051717,0.001023,-0.061553,0.015553,-0.022457,-0.016290,0.000000,1.222821
1719257648.926156,-0.036361,0.257426,1.000519,0.215984,0.286888,1.234820,-0.033225,-0.071733,0.010899,0.016309,-0.023387,-0.016678,1597.738841,1606.786758,1501.421061,1535.034158,-0.000852,0.024997,-0.048164,0.215984,0.286888,0.052360,-0.033225,-0.071733,0.010899,0.016309,-0.023387,-0.016678,0.000000,1.234820
1719257648.934860,-0.036917,0.256946,1.000063,0.203985,0.301069,1.241365,-0.063936,-0.055235,-0.052465,0.017861,-0.022728,-0.016561,1598.771826,1606.114004,1497.616622,1538.391952,-0.001408,0.024516,-0.048621,0.203985,0.301069,0.058905,-0.063936,-0.055235,-0.052465,0.017861,-0.022728,-0.016561,0.000000,1.241365
1719257648.943402,-0.037159,0.256252,0.999868,0.203985,0.301069,1.241365,-0.028262,-0.081238,-0.022766,0.019043,-0.024066,-0.016872,1598.771826,1606.114004,1497.616622,1538.391952,-0.001650,0.023822,-0.048815,0.203985,0.301069,0.058905,-0.028262,-0.081238,-0.022766,0.019043,-0.024066,-0.016872,0.000000,1.241365
